company_name,website
23andMe,http://23andme.com
43Layers,https://www.43layers.com/
AIFactory,https://aifactory.app/
AKtive,https://www.aktive-corp.com
AMP,https://ampsortation.com
Abacus.AI,https://abacus.ai/
Abridge,https://www.abridge.com
Abundant Robotics,http://www.abundantrobots.com/
Adept AI,https://adept.ai
Advolve AI,https://www.advolve.ai
Agility Robotics,http://www.agilityrobotics.com
Aigora,https://www.aigora.ai
Aina Software Inc.,https://www.aina.ai/about
Akooda,https://www.akooda.co/
Algorithmia,http://www.algorithmia.com
Alta,https://www.altahq.com/
Ambient Intelligence,http://ambienthealthgroup.com
Anki,http://anki.com
Anyscale,https://anyscale.com
Apptronik,https://apptronik.com
Area 1 Security,https://www.area1security.com/
Arena,https://arena-ai.com/
"Artificial Intelligence Risk, Inc.",https://www.aicrisk.com
Artificial.Agency,https://www.artificial.agency
Asari AI,https://asari.ai/
Atlas Wearables,http://www.atlaswearables.com
Atomic AI,https://atomic.ai/
Atomic Canyon,https://atomic-canyon.com
Autonodyne,https://www.autonodyne.com
Babel Street,http://babelstreet.com
Backbone,https://playbackbone.com/
Banter,http://banter.ai
Basalt,http://basalt.co.jp/
Baseten,https://www.baseten.co
Basis,https://www.getbasis.ai
Battleground Kia,http://battlegroundkia.com
Beautiful.Me,https://www.beautiful.me
Bench,http://bench.co
Black Crow AI,https://www.blackcrow.ai/
Black Forest Labs,https://blackforestlabs.ai
Blu Analytics,https://bluanalytics.io
Bluefish Labs,https://www.bluefishai.com/
Brain Technologies,http://brain.ai
Brevian,https://brevian.ai/
Brium,https://brium.cl/
CaliberMind,http://www.calibermind.com
Calico,http://www.calicolabs.com
CancerIQ,http://www.canceriq.com/
Capital,http://www.capital.xyz
Capitol AI,https://www.capitol.ai
CaptureProof,http://www.captureproof.com
Care at Hand,http://www.careathand.com
Cartesia,https://www.cartesia.ai
Catalia Health,http://cataliahealth.com
Caterva,http://www.caterva.com
Cedana,https://www.cedana.ai
Cerebras Systems,https://cerebras.ai
Chef Robotics,http://chefrobotics.ai
ChipBrain,https://chipbrain.com
Chirp,https://chirp.io
Chooch,https://www.chooch.com/
Civitas Learning,http://www.civitaslearning.com
Clarifai,https://clarifai.com/
Cleanlab,https://cleanlab.ai
Cleverly,https://cleverly.ai
Code Metal,https://www.codemetal.ai
CogniAIm,https://www.cogniaim.com/
Cogniac,http://www.cogniac.ai
Cogniteam,http://cogniteam.com/
Cognition,https://www.cognition.ai
CognitiveScale,http://www.cognitivescale.com
Coho AI,https://coho.ai
Collective Intelligence,http://www.collectiveintelligence.com/
Context,https://usecontext.io/
Continual,https://continual.ai/
ConverseNow,http://www.conversenow.ai/
Copy.ai,https://www.copy.ai
Credo AI,https://www.credo.ai/
Cresta,https://www.cresta.com
CueIn,https://cuein.ai
Cursor,https://www.datarobot.com/cursor
Cyberhaven,https://www.cyberhaven.com
Cynthia.io,https://cynthia.io/
DATO,https://www.dato.net.br/
DNNresearch,http://www.dnnresearch.com/
Daimon Labs,https://www.daimon.chat/
Darrow,https://darrow.ai
Datadrive,https://www.datadrive.is
Day AI,https://day.ai
Dazz,https://www.dazz.io
Decagon,https://decagon.ai
Deep North,https://www.deepnorth.com
Deep Vision,https://deepvision.io/
DeepSeek,https://www.deepseek.com
Deepgram,https://deepgram.com/
Diffbot,http://www.diffbot.com
DoNotPay,http://DoNotPay.com
DocDraft,https://www.docdraft.ai/
Dosh,https://www.dosh.com
Dowork.ai,https://dowork.ai/
Dropzone AI,https://dropzone.ai
Dust,https://dust.tt/
Dyad Medical,https://www.dyadmed.com
Dynamo AI,https://www.dynamo.ai/
Easy Text AI,http://EasyText.AI
Edgify,https://www.edgify.ai/
ElevenLabs,http://elevenlabs.io
EmPath,http://www.empath.net
Emergence,https://www.emergence.ai/
Encultured AI,https://www.encultured.ai/
Endless West,http://www.endlesswest.com
Enveda Biosciences,https://enveda.com
Espressive,https://www.espressive.com/
Essential AI,http://www.essential.ai
Etched.ai,https://www.etched.com
Etiometry,http://www.etiometry.com
Exa,https://exa.ai
Exa,https://www.exa.org
Exer - More Than Urgent Care,http://exerurgentcare.com
Factory,https://www.factory.ai/
Fazeshift,https://www.fazeshift.com
Fellow AI,https://www.fellowai.com/
Fetch Robotics,http://fetchrobotics.com/
Figure,https://www.figure.ai
Firsthand,https://www.firsthand.ai/
Flighty,https://flighty.com
Fluential,http://fluential.com
Foundry,https://www.mlfoundry.com
Fox Robotics,https://www.foxrobotics.com/
Fundamental Labs,http://www.fundamentallabs.com/
Fusemachines,http://fusemachines.com/
Future House,https://www.futurehousechicago.org
Gembah,https://www.gembah.com/
Generalist AI,https://generalistai.com/
Geometric Intelligence,http://geometric.ai/
Glean,https://www.glean.com
GoodApril,http://goodapril.com/
Greenzie,https://greenzie.com
Gretel,https://gretel.ai/
Harvest Automation,https://www.public.harvestai.com
Harvey,https://harvey.ai
Hebbia,http://hebbia.com
HereAfter AI,https://www.hereafter.ai
Hippocratic AI,https://www.hippocraticai.com
Holistic AI,https://www.holisticai.com
Homeward,https://www.homeward.com/
Hour25 AI,https://www.hour25.ai
Human AI,https://humanai.work
Humanise.AI,https://humanise.ai/
Hume AI,https://hume.ai
Humphrey,https://www.humphreyltd.com
Hyper,https://docs.hyper.co/
Ideogram,https://ideogram.ai
Idibon,http://idibon.com
Imbue,https://imbue.com
Inception AI,https://www.inceptionai.co
InitializeAI,https://initializeai.com/
Invisible AI,https://www.invisible.ai
Jasper,https://www.jasper.ai
Jukely,http://jukely.com
KPG Ventures,http://www.kpgventures.com
KUDO,https://www.kudoway.com
Katana Graph,https://katanagraph.ai
Knightscope,http://www.knightscope.com
Koala,https://getkoala.com
Krista Software,https://krista.ai
LILT,https://lilt.com
LMArena,https://lmarena.ai
Lang.ai,http://www.lang.ai
LawnStarter,http://lawnstarter.com
LeewayHertz Technologies,https://www.leewayhertz.com/
LightSpeedAI Labs,http://www.lightspeedai.com/
Lightmatter,https://lightmatter.co
Lily AI,https://www.lily.ai
Lindy,https://www.lindy.ai
Liquid AI,http://liquid.ai
Listen Labs,https://www.listenlabs.ai
Luminoso,http://www.luminoso.com
Luminous Computing,https://www.luminous.com/
Lunar Outpost,https://lunaroutpost.com
Manas AI,https://www.manasai.co/
Mantle Labs,https://www.mantle-labs.com/index.html
Mayvenn,https://shop.mayvenn.com
Mechanize,http://mknzd.io
Mediate,http://www.mediate.co.uk
MeetKai,http://www.meetkai.com
Memory Dealers,http://memorydealers.com/
Menten AI,http://menten.ai/
Milo,https://www.joinmilo.com
Mixus,https://www.mixus.ai/
Modela Maket,http://www.modelamaket.com
Modular,https://www.modular.com
Mona,https://www.monalabs.io
MonkeyLearn,https://www.monkeylearn.com
Moondream,https://www.moondream.ai/
Myst AI,https://www.myst.ai/
Mytra,http://mytra.ai
Nanonets,https://nanonets.com
Napkin AI,https://thenapkinai.com/
Narada,https://narada.ai
Narrative Science,http://www.narrativescience.com
NarrativeDx,http://www.narrativedx.com/
Neo Cybernetica,https://www.neocybernetica.com
Neural Magic,http://neuralmagic.com
Nota AI,http://nota.ai
Numbers Station,https://numbersstation.ai
Oceans Floral,https://www.oceansfloral.co.nz
Onyx,https://www.onyx.app/
OptiCore,https://www.opticore.ai/
Orbital Insight,http://www.orbitalinsight.com
Origami Agents,https://www.origamiagents.com/
Osaro,http://www.osaro.com
Outrider,https://www.outrider.ai
Overhaul,https://over-haul.com
Palona AI,https://palona.ai/
Pangram Labs,https://pangram.com
Pano,https://www.pano.ai
Pathmind,https://pathmind.com
Pax AI,https://paxai.com/
Paxton,https://paxton.ai
People Pattern,http://peoplepattern.com
PerceptiLabs,http://www.perceptilabs.com/
Perplexity,https://www.perplexity.ai
Petuum,http://www.petuum.com/
Physical Intelligence,https://physicalintelligence.company
Playground AI,https://playgroundai.com
Podqi,https://www.podqi.com/
Predibase,https://predibase.com
Prime Intellect,https://www.primeintellect.ai/
Primer,https://www.primer.com/
Promise,https://www.promise-pay.com
Protect AI,https://www.protectai.com
Qualytics,https://www.qualytics.ai
QueueDr,https://www.queuedr.com/
Quris,https://www.quris.ai/
Qurrent,https://qurrent.ai
Rad AI,https://www.radai.com
RagaAI,http://www.raga.ai
Reduct,https://reduct.video
Reflection.Ai,https://www.reflection.ai
RightNow AI,https://www.rightnowai.co/
Roboflow,https://roboflow.com/
RobotWits,https://www.robotwits.com/
Roe AI,https://www.getroe.ai/
Rogo,https://rogo.ai
Runway,https://runwayml.com
Safe Superintelligence,https://ssi.inc
SambaNova Systems,https://sambanova.ai
Sanas,https://sanas.ai
Scaled Inference,https://scaledinference.com/
Seek AI,https://www.seekwhatmatters.com
Sense,https://sense.com/
Sentrian,https://sentrian.com/
Shiboleth,https://shiboleth.ai
Sierra,https://sierra.ai
Simplify,https://simplify.jobs/
Simular,https://simular.ai
SkyPhrase,http://skyphrase.com
Slingshot Aerospace,http://www.slingshotaerospace.com
Slip Robotics,https://sliprobotics.com/
Slope,https://slopepay.com
Snorkel AI,https://www.snorkel.ai/
Sonde Health,https://www.sondehealth.com
Speak,https://www.speak.com
Speedy Brand,https://speedybrand.xyz
Stanhope AI,https://www.stanhopeai.com/
Stealth Startup,https://werebuilding.ai/
Steignet,http://www.steignet.com
Suno,https://www.suno.com
Surge AI,https://www.surgehq.ai
Symbolica AI,https://www.symbolica.ai/
SymphonyAI Sensa,http://www.symphonysensa.com
Synapsify,http://www.gosynapsify.com
Synthesis AI,http://synthesis.ai/
System,http://www.system.com/
Tanka,https://www.tanka.ai/
Tastebud,http://www.tastebud.co
Tavus,https://www.tavus.io/
TaxGPT,https://www.taxgpt.com
Tecton,https://tecton.ai/
Tempo AI,http://tempo.ai
Tera AI,https://www.tera-ai.com
Thinking Machines Lab,https://thinkingmachines.ai
Threedium,https://threedium.io
Tonsai,https://www.tonsai.ch
TranZHalo,https://www.tranzhalo.com/
Treat,https://www.treatva.com
Twelve Labs,http://twelvelabs.io
Typeface,https://www.typeface.ai
Underwrite.ai,http://www.underwrite.ai/
Unsupervised,https://unsupervised.com/
UpDoc,http://www.updoc.ai/
Urban Elevator Service,https://urbanelevator.com/
VERSES,https://www.verses.ai
ValAi,https://valai.com.au/
VantedgeAI,https://www.vantedgeai.com/
Vellum,https://www.vellum.ai
Vicarious,https://www.vicarious.com/
Voxie,https://www.voxie.com
WaveForms AI,https://www.waveforms.ai
WellSaid Labs,https://wellsaidlabs.com
Wide Eyes,https://wideeyes.ai
Wise.io,http://wise.io
Wizard,https://www.wizard-inc.us
World Labs,https://www.worldlabs.ai
Wormhole Labs,https://www.wormholelabs.com/
Writer,http://writer.com
Xaira Therapeutics,https://xaira.com
Xembly,http://www.xembly.com/
Zensors,https://www.zensors.com
bem,https://bem.ai
nuTonomy,http://nutonomy.com/
xAI,https://x.ai
